{
	"Log" : 
	[
		1.3821e-05,
		3.3999999999999993e-08,
		1.4e-08,
		8.4999999999999967e-09
	],
	"Pow3" : 
	[
		1.5053499999999999e-05,
		1.2999999999999997e-08,
		7.9999999999999988e-09,
		1.4e-08
	],
	"Pow3Mult" : 
	[
		9.4500000000000006e-08,
		2.0500000000000002e-08,
		5.9999999999999942e-09,
		1.0999999999999999e-08
	],
	"Sqrt" : 
	[
		2.5949999999999996e-07,
		2.8000000000000006e-08,
		9.0000000000000012e-09,
		1.1499999999999997e-08
	],
	"Sum" : 
	[
		1.0300000000000001e-07,
		1.2999999999999997e-08,
		1.5000000000000002e-08,
		1.2499999999999999e-08
	]
}