{
	"Log" : 
	{
		"Mean" : 
		[
			1.9076099999999999e-05,
			0.0001001708,
			0.00097377109999999983,
			0.0097747340999999981
		],
		"STD" : 
		[
			1.2157571167383722e-05,
			6.3304551649624692e-05,
			0.00061678776985693378,
			0.0061856325484631464
		]
	},
	"Pow3" : 
	{
		"Mean" : 
		[
			4.1019100000000002e-05,
			0.0003492096,
			0.003512199499999999,
			0.034885101299999999
		],
		"STD" : 
		[
			2.4462568395203311e-05,
			0.00019199372208028053,
			0.0019332021443163284,
			0.01912354044045177
		]
	},
	"Pow3Mult" : 
	{
		"Mean" : 
		[
			6.5140000000000002e-07,
			6.2191000000000003e-06,
			6.7687400000000005e-05,
			0.00092068969999999984
		],
		"STD" : 
		[
			1.0654125961335359e-07,
			1.5822544043231483e-07,
			1.0273878722274294e-06,
			2.1933963782453911e-05
		]
	},
	"Sqrt" : 
	{
		"Mean" : 
		[
			6.7514000000000003e-06,
			6.684900000000001e-05,
			0.00068554529999999996,
			0.0068685331000000001
		],
		"STD" : 
		[
			9.6494766697474275e-08,
			4.8166378315159434e-09,
			2.1443260531225196e-05,
			0.00010175245215467779
		]
	},
	"Sum" : 
	{
		"Mean" : 
		[
			4.4400000000000001e-08,
			3.2099999999999996e-08,
			3.3799999999999998e-08,
			5.4399999999999997e-08
		],
		"STD" : 
		[
			4.3153678869825215e-08,
			2.5986342566817675e-08,
			3.2409257936583489e-08,
			9.1201096484636612e-08
		]
	}
}