{
	"Log" : 
	{
		"Mean" : 
		[
			1.7904999999999999e-05,
			0.0001015,
			0.00097352090000000016,
			0.0098843170000000001
		],
		"STD" : 
		[
			1.0543506570396777e-05,
			6.6364709923271716e-05,
			0.00062837278914183573,
			0.0062298924139478993
		]
	},
	"Pow3" : 
	{
		"Mean" : 
		[
			3.9069899999999997e-05,
			0.00034312409999999997,
			0.0034431482000000001,
			0.034492282799999996
		],
		"STD" : 
		[
			2.3366035283932961e-05,
			0.00018954101823481374,
			0.0019057905028729573,
			0.019072681173192985
		]
	},
	"Pow3Mult" : 
	{
		"Mean" : 
		[
			1.4277999999999999e-06,
			7.6837999999999992e-06,
			8.3851299999999988e-05,
			0.0010349506
		],
		"STD" : 
		[
			2.1912772531106143e-07,
			8.8376241151114871e-08,
			1.6084736273871592e-06,
			3.6888900257936689e-05
		]
	},
	"Sqrt" : 
	{
		"Mean" : 
		[
			7.411900000000001e-06,
			7.3279600000000002e-05,
			0.00073023049999999996,
			0.0070713237999999994
		],
		"STD" : 
		[
			3.0098187653079681e-07,
			1.9605200432538292e-06,
			4.9079320950885218e-06,
			2.4073752996988193e-05
		]
	},
	"Sum" : 
	{
		"Mean" : 
		[
			4.0719999999999994e-07,
			3.3748000000000003e-06,
			3.3444299999999994e-05,
			0.00033738950000000001
		],
		"STD" : 
		[
			8.5271097096261156e-08,
			4.7916594202843883e-09,
			4.6701177715328796e-09,
			6.835408564965227e-06
		]
	}
}