{
	"Log" : 
	{
		"Mean" : 
		[
			1.8669900000000002e-05,
			0.00015363510000000001,
			0.0015369270999999998,
			0.016154267899999998
		],
		"STD" : 
		[
			1.0122511125703938e-05,
			7.3914212988369167e-05,
			0.00072346722172845536,
			0.0081091422425144007
		]
	},
	"Pow3" : 
	{
		"Mean" : 
		[
			4.8145000000000001e-05,
			0.00043353130000000001,
			0.0044824979999999997,
			0.04363881800000001
		],
		"STD" : 
		[
			2.504456960700263e-05,
			0.0002040873628885679,
			0.0021135749406578893,
			0.02062219718923269
		]
	},
	"Pow3Mult" : 
	{
		"Mean" : 
		[
			6.2237999999999996e-06,
			6.1785199999999992e-05,
			0.00062504279999999997,
			0.0062134129999999992
		],
		"STD" : 
		[
			1.2677602296964525e-07,
			9.8015100877364853e-08,
			2.0109636927602657e-05,
			1.0759073789132538e-05
		]
	},
	"Sqrt" : 
	{
		"Mean" : 
		[
			6.9118999999999998e-06,
			6.8573100000000002e-05,
			0.00068754380000000004,
			0.0068832873000000006
		],
		"STD" : 
		[
			1.6820668833313372e-07,
			9.306390277653198e-08,
			5.9883095911951696e-06,
			1.2626359348996732e-05
		]
	},
	"Sum" : 
	{
		"Mean" : 
		[
			3.9638000000000001e-06,
			3.9220400000000001e-05,
			0.0004064979,
			0.0039618975000000004
		],
		"STD" : 
		[
			4.4135699835847155e-08,
			2.9806710653811031e-08,
			2.7435257042717868e-06,
			1.7776698226892439e-05
		]
	}
}