{
	"Log" : 
	{
		"Mean" : 
		[
			1.3772599999999999e-05,
			0.00010081639999999999,
			0.0011388632999999996,
			0.0098418294999999996
		],
		"STD" : 
		[
			7.7217032343907141e-06,
			6.0741997267459036e-05,
			0.00082020113177940087,
			0.0058816083952198854
		]
	},
	"Pow3" : 
	{
		"Mean" : 
		[
			3.9995699999999994e-05,
			0.00034472069999999993,
			0.0035393380999999995,
			0.0346499969
		],
		"STD" : 
		[
			2.442035150054151e-05,
			0.00018811588870324057,
			0.0019535663567080311,
			0.019193889785079347
		]
	},
	"Pow3Mult" : 
	{
		"Mean" : 
		[
			4.3490000000000001e-07,
			3.4594999999999997e-06,
			4.8301099999999997e-05,
			0.00081529359999999991
		],
		"STD" : 
		[
			2.5163125799470937e-07,
			2.1509823337256854e-07,
			1.2390015698133718e-06,
			2.8913003877840153e-05
		]
	},
	"Sqrt" : 
	{
		"Mean" : 
		[
			7.7100999999999992e-06,
			6.6851600000000002e-05,
			0.00068466559999999998,
			0.0067179881999999995
		],
		"STD" : 
		[
			2.5160204470552302e-06,
			3.9038442591892716e-09,
			1.4778570108099091e-05,
			1.0342406304144062e-05
		]
	},
	"Sum" : 
	{
		"Mean" : 
		[
			6.6799999999999989e-08,
			2.7800000000000004e-08,
			3.0699999999999997e-08,
			4.9200000000000004e-08
		],
		"STD" : 
		[
			8.5597663519514362e-08,
			1.5412981541544775e-08,
			2.0386515150952114e-08,
			7.7938180630548462e-08
		]
	}
}