{
	"Log" : 
	{
		"Mean" : 
		[
			3.1071499999999995e-05,
			0.00016522220000000001,
			0.0015560419000000001,
			0.015526981400000001
		],
		"STD" : 
		[
			1.3651135148770596e-05,
			6.7251056504414873e-05,
			0.00058440018536486625,
			0.005815085259326629
		]
	},
	"Pow3" : 
	{
		"Mean" : 
		[
			2.3489999999999999e-07,
			2.8092000000000001e-06,
			4.3927700000000003e-05,
			0.0007914399000000001
		],
		"STD" : 
		[
			1.4386552749008363e-07,
			2.6110534272588201e-08,
			9.6917367380671214e-07,
			2.3034036586972774e-05
		]
	},
	"Pow3Mult" : 
	{
		"Mean" : 
		[
			2.5400000000000002e-07,
			2.9285000000000008e-06,
			4.4044900000000002e-05,
			0.00079105590000000013
		],
		"STD" : 
		[
			1.2642072614884e-07,
			3.4389678684163317e-08,
			1.1720362153107731e-06,
			2.359674068785773e-05
		]
	},
	"Sqrt" : 
	{
		"Mean" : 
		[
			2.4857000000000002e-06,
			2.3516600000000008e-05,
			0.0002350853,
			0.0023772805000000004
		],
		"STD" : 
		[
			6.4738010472982579e-08,
			1.0229369482035671e-08,
			1.0188941112794788e-06,
			1.6763909539543642e-05
		]
	},
	"Sum" : 
	{
		"Mean" : 
		[
			3.6900000000000013e-08,
			2.3700000000000007e-08,
			2.4400000000000003e-08,
			3.8900000000000011e-08
		],
		"STD" : 
		[
			3.3031651487626232e-08,
			4.7968739820845826e-09,
			4.9030602688525069e-09,
			4.6074830439188813e-08
		]
	}
}